Entity,Code,Year,Annual CO2 emissions,Cumulative CO2 emissions
Brazil,BRA,1856,227193,227193
Brazil,BRA,1857,269048,496241
Brazil,BRA,1858,284547,780788
Brazil,BRA,1859,372714,1153502
Brazil,BRA,1860,434898,1588400
Brazil,BRA,1861,410068,1998468
Brazil,BRA,1862,355327,2353795
Brazil,BRA,1863,425965,2779760
Brazil,BRA,1864,479584,3259344
Brazil,BRA,1865,571897,3831241
Brazil,BRA,1866,646022,4477263
Brazil,BRA,1867,554700,5031963
Brazil,BRA,1868,752482,5784445
Brazil,BRA,1869,605044,6389489
Brazil,BRA,1870,698167,7087656
Brazil,BRA,1871,844686,7932342
Brazil,BRA,1872,858380,8790722
Brazil,BRA,1873,1029011,9819733
Brazil,BRA,1874,996022,10815755
Brazil,BRA,1875,939750,11755505
Brazil,BRA,1876,843065,12598570
Brazil,BRA,1877,878429,13476999
Brazil,BRA,1878,949458,14426457
Brazil,BRA,1879,808030,15234487
Brazil,BRA,1880,923420,16157907
Brazil,BRA,1881,1031042,17188948
Brazil,BRA,1882,948135,18137084
Brazil,BRA,1883,1170254,19307338
Brazil,BRA,1884,1282615,20589952
Brazil,BRA,1885,1215464,21805416
Brazil,BRA,1886,1236031,23041448
Brazil,BRA,1887,1315565,24357012
Brazil,BRA,1888,1283198,25640212
Brazil,BRA,1889,1860401,27500612
Brazil,BRA,1890,1713533,29214144
Brazil,BRA,1891,2072020,31286164
Brazil,BRA,1892,2145624,33431788
Brazil,BRA,1893,1969636,35401424
Brazil,BRA,1894,2308266,37709692
Brazil,BRA,1895,2188105,39897796
Brazil,BRA,1896,2615588,42513384
Brazil,BRA,1897,2734326,45247710
Brazil,BRA,1898,2681303,47929012
Brazil,BRA,1899,2612972,50541984
Brazil,BRA,1900,2272218,52814204
Brazil,BRA,1901,2314927,55129130
Brazil,BRA,1902,2554500,57683630
Brazil,BRA,1903,2442213,60125844
Brazil,BRA,1904,2639233,62765076
Brazil,BRA,1905,2871745,65636820
Brazil,BRA,1906,3248124,68884940
Brazil,BRA,1907,3722012,72606960
Brazil,BRA,1908,3729627,76336584
Brazil,BRA,1909,3825869,80162456
Brazil,BRA,1910,4584790,84747240
Brazil,BRA,1911,5383972,90131220
Brazil,BRA,1912,5477784,95609000
Brazil,BRA,1913,6107222,101716220
Brazil,BRA,1914,4657949,106374170
Brazil,BRA,1915,3211753,109585920
Brazil,BRA,1916,2735087,112321010
Brazil,BRA,1917,2840131,115161144
Brazil,BRA,1918,2656656,117817800
Brazil,BRA,1919,2967940,120785736
Brazil,BRA,1920,3964006,124749740
Brazil,BRA,1921,2886595,127636340
Brazil,BRA,1922,4026874,131663220
Brazil,BRA,1923,4792903,136456110
Brazil,BRA,1924,5319118,141775230
Brazil,BRA,1925,5341588,147116820
Brazil,BRA,1926,5469600,152586420
Brazil,BRA,1927,6038804,158625230
Brazil,BRA,1928,6083169,164708400
Brazil,BRA,1929,6337248,171045650
Brazil,BRA,1930,5787529,176833170
Brazil,BRA,1931,4772610,181605780
Brazil,BRA,1932,4780363,186386140
Brazil,BRA,1933,5177471,191563620
Brazil,BRA,1934,5158075,196721700
Brazil,BRA,1935,5378230,202099920
Brazil,BRA,1936,5617306,207717230
Brazil,BRA,1937,6731251,214448480
Brazil,BRA,1938,7179338,221627800
Brazil,BRA,1939,5614746,227242560
Brazil,BRA,1940,5654414,232896980
Brazil,BRA,1941,6280670,239177650
Brazil,BRA,1942,5866699,245044350
Brazil,BRA,1943,6474923,251519260
Brazil,BRA,1944,5895771,257415040
Brazil,BRA,1945,6822912,264237950
Brazil,BRA,1946,7460241,271698180
Brazil,BRA,1947,8947467,280645660
Brazil,BRA,1948,7847465,288493120
Brazil,BRA,1949,7366800,295859940
Brazil,BRA,1950,19659072,315519000
Brazil,BRA,1951,21659348,337178340
Brazil,BRA,1952,24934310,362112640
Brazil,BRA,1953,25218440,387331100
Brazil,BRA,1954,29675626,417006720
Brazil,BRA,1955,34023692,451030400
Brazil,BRA,1956,36608456,487638880
Brazil,BRA,1957,35977396,523616260
Brazil,BRA,1958,39053930,562670200
Brazil,BRA,1959,39017080,601687300
Brazil,BRA,1960,46851820,648539100
Brazil,BRA,1961,49134936,697674050
Brazil,BRA,1962,53610856,751284860
Brazil,BRA,1963,55519376,806804300
Brazil,BRA,1964,56621016,863425300
Brazil,BRA,1965,56272604,919697860
Brazil,BRA,1966,64153876,983851800
Brazil,BRA,1967,66021996,1049873700
Brazil,BRA,1968,77210430,1127084200
Brazil,BRA,1969,84071830,1211156000
Brazil,BRA,1970,93466984,1304623000
Brazil,BRA,1971,102313960,1406937000
Brazil,BRA,1972,113992010,1520929000
Brazil,BRA,1973,132029210,1652958200
Brazil,BRA,1974,142980540,1795938700
Brazil,BRA,1975,150287150,1946225900
Brazil,BRA,1976,154561870,2100787700
Brazil,BRA,1977,162313580,2263101400
Brazil,BRA,1978,177060600,2440162000
Brazil,BRA,1979,187727740,2627889700
Brazil,BRA,1980,186127380,2814017000
Brazil,BRA,1981,171261920,2985279000
Brazil,BRA,1982,171439150,3156718000
Brazil,BRA,1983,165851310,3322569500
Brazil,BRA,1984,167524240,3490093600
Brazil,BRA,1985,180064830,3670158600
Brazil,BRA,1986,197183400,3867341800
Brazil,BRA,1987,205911790,4073253600
Brazil,BRA,1988,207640260,4280894000
Brazil,BRA,1989,212015970,4492910000
Brazil,BRA,1990,218657680,4711567400
Brazil,BRA,1991,229393580,4940961300
Brazil,BRA,1992,233600860,5174562000
Brazil,BRA,1993,244305540,5418867700
Brazil,BRA,1994,254002260,5672870000
Brazil,BRA,1995,268677540,5941547500
Brazil,BRA,1996,289310900,6230858000
Brazil,BRA,1997,306949060,6537807400
Brazil,BRA,1998,317359420,6855167000
Brazil,BRA,1999,327255650,7182422500
Brazil,BRA,2000,340182820,7522605000
Brazil,BRA,2001,346165730,7868771000
Brazil,BRA,2002,347764960,8216536000
Brazil,BRA,2003,344644930,8561180700
Brazil,BRA,2004,361434020,8922615000
Brazil,BRA,2005,364370560,9286986000
Brazil,BRA,2006,368870940,9655856000
Brazil,BRA,2007,390573440,10046430000
Brazil,BRA,2008,412637860,10459067000
Brazil,BRA,2009,389775330,10848843000
Brazil,BRA,2010,440269060,11289113000
Brazil,BRA,2011,461911330,11751024000
Brazil,BRA,2012,497468200,12248492000
Brazil,BRA,2013,531568830,12780061000
Brazil,BRA,2014,556525500,13336586000
Brazil,BRA,2015,528173540,13864759000
Brazil,BRA,2016,491744830,14356505000
Brazil,BRA,2017,497254560,14853759000
Brazil,BRA,2018,476600540,15330359000
Brazil,BRA,2019,476723740,15807084000
Brazil,BRA,2020,447999400,16255082000
Brazil,BRA,2021,496562000,16751645000
Brazil,BRA,2022,480058300,17231702000
Brazil,BRA,2023,483991940,17715696000
Brazil,BRA,2024,483011550,18198706000
Canada,CAN,1785,3664,3664
Canada,CAN,1786,3664,7328
Canada,CAN,1787,3664,10992
Canada,CAN,1788,3664,14656
Canada,CAN,1789,3664,18320
Canada,CAN,1790,3664,21984
Canada,CAN,1791,3664,25648
Canada,CAN,1792,3664,29312
Canada,CAN,1793,3664,32976
Canada,CAN,1794,3664,36640
Canada,CAN,1795,3664,40304
Canada,CAN,1796,3664,43968
Canada,CAN,1797,3664,47632
Canada,CAN,1798,3664,51296
Canada,CAN,1799,3664,54960
Canada,CAN,1800,3664,58624
Canada,CAN,1801,3664,62288
Canada,CAN,1802,3664,65952
Canada,CAN,1803,3664,69616
Canada,CAN,1804,3664,73280
Canada,CAN,1805,3664,76944
Canada,CAN,1806,3664,80608
Canada,CAN,1807,3664,84272
Canada,CAN,1808,3664,87936
Canada,CAN,1809,3664,91600
Canada,CAN,1810,3664,95264
Canada,CAN,1811,3664,98928
Canada,CAN,1812,3664,102592
Canada,CAN,1813,3664,106256
Canada,CAN,1814,3664,109920
Canada,CAN,1815,3664,113584
Canada,CAN,1816,3664,117248
Canada,CAN,1817,3664,120912
Canada,CAN,1818,3664,124576
Canada,CAN,1819,3664,128240
Canada,CAN,1820,3664,131904
Canada,CAN,1821,3664,135568
Canada,CAN,1822,3664,139232
Canada,CAN,1823,3664,142896
Canada,CAN,1824,3664,146560
Canada,CAN,1825,3664,150224
Canada,CAN,1826,3664,153888
Canada,CAN,1827,3664,157552
Canada,CAN,1828,3664,161216
Canada,CAN,1829,3664,164880
Canada,CAN,1830,3664,168544
Canada,CAN,1831,3664,172208
Canada,CAN,1832,3664,175872
Canada,CAN,1833,3664,179536
Canada,CAN,1834,3664,183200
Canada,CAN,1835,3664,186864
Canada,CAN,1836,3664,190528
Canada,CAN,1837,3664,194192
Canada,CAN,1838,3664,197856
Canada,CAN,1839,3664,201520
Canada,CAN,1840,3664,205184
Canada,CAN,1841,3664,208848
Canada,CAN,1842,3664,212512
Canada,CAN,1843,3664,216176
Canada,CAN,1844,3664,219840
Canada,CAN,1845,3664,223504
Canada,CAN,1846,25648,249152
Canada,CAN,1847,32976,282128
Canada,CAN,1848,40304,322432
Canada,CAN,1849,47632,370064
Canada,CAN,1850,58624,428688
Canada,CAN,1851,69616,498304
Canada,CAN,1852,84272,582576
Canada,CAN,1853,102592,685168
Canada,CAN,1854,124576,809744
Canada,CAN,1855,150224,959968
Canada,CAN,1856,179536,1139504
Canada,CAN,1857,216176,1355680
Canada,CAN,1858,263808,1619488
Canada,CAN,1859,315104,1934592
Canada,CAN,1860,381056,2315648
Canada,CAN,1861,458000,2773648
Canada,CAN,1862,560592,3334240
Canada,CAN,1863,703488,4037728
Canada,CAN,1864,842720,4880448
Canada,CAN,1865,1018592,5899040
Canada,CAN,1866,1242096,7141136
Canada,CAN,1867,1593840,8734976
Canada,CAN,1868,945312,9680288
Canada,CAN,1869,685168,10365456
Canada,CAN,1870,1223776,11589232
Canada,CAN,1871,1780704,13369936
Canada,CAN,1872,1846656,15216592
Canada,CAN,1873,1608496,16825088
Canada,CAN,1874,1623152,18448240
Canada,CAN,1875,1875968,20324208
Canada,CAN,1876,1857648,22181856
Canada,CAN,1877,2022527.9,24204384
Canada,CAN,1878,1934592,26138976
Canada,CAN,1879,2183744,28322720
Canada,CAN,1880,5232192,33554910
Canada,CAN,1881,5591264,39146176
Canada,CAN,1882,6617184,45763360
Canada,CAN,1883,7430592,53193950
Canada,CAN,1884,8599408,61793360
Canada,CAN,1885,8244000.5,70037360
Canada,CAN,1886,8797264,78834620
Canada,CAN,1887,10149280,88983900
Canada,CAN,1888,13311312,102295220
Canada,CAN,1889,11292448,113587660
Canada,CAN,1890,12413632,126001300
Canada,CAN,1891,13941520,139942820
Canada,CAN,1892,13890224,153833040
Canada,CAN,1893,14853856,168686900
Canada,CAN,1894,14179680,182866580
Canada,CAN,1895,13531152,196397730
Canada,CAN,1896,14648672,211046400
Canada,CAN,1897,14798896,225845300
Canada,CAN,1898,15707568,241552860
Canada,CAN,1899,19170048,260722910
Canada,CAN,1900,20628320,281351230
Canada,CAN,1901,23845312,305196540
Canada,CAN,1902,25648000,330844540
Canada,CAN,1903,27959984,358804540
Canada,CAN,1904,33096912,391901440
Canada,CAN,1905,35386910,427288350
Canada,CAN,1906,37387456,464675800
Canada,CAN,1907,46990800,511666620
Canada,CAN,1908,47408496,559075100
Canada,CAN,1909,45385970,604461060
Canada,CAN,1910,51622096,656083200
Canada,CAN,1911,60269136,716352300
Canada,CAN,1912,67271040,783623360
Canada,CAN,1913,79281630,862904960
Canada,CAN,1914,68381230,931286200
Canada,CAN,1915,61115520,992401700
Canada,CAN,1916,76456690,1068858430
Canada,CAN,1917,85242960,1154101400
Canada,CAN,1918,89518850,1243620200
Canada,CAN,1919,76090290,1319710500
Canada,CAN,1920,84378260,1404088800
Canada,CAN,1921,80483420,1484572200
Canada,CAN,1922,69209300,1553781500
Canada,CAN,1923,92981330,1646762800
Canada,CAN,1924,77383680,1724146400
Canada,CAN,1925,75247570,1799394000
Canada,CAN,1926,84755650,1884149800
Canada,CAN,1927,91999380,1976149100
Canada,CAN,1928,93776640,2069925800
Canada,CAN,1929,99030050,2168956000
Canada,CAN,1930,94347740,2263303400
Canada,CAN,1931,75849256,2339153000
Canada,CAN,1932,70206600,2409359400
Canada,CAN,1933,69482550,2478841900
Canada,CAN,1934,79913280,2558755300
Canada,CAN,1935,78795750,2637550800
Canada,CAN,1936,86163110,2723714000
Canada,CAN,1937,93483010,2817197000
Canada,CAN,1938,85543540,2902740700
Canada,CAN,1939,95003840,2997744400
Canada,CAN,1940,108621770,3106366200
Canada,CAN,1941,120151840,3226518000
Canada,CAN,1942,131077410,3357595400
Canada,CAN,1943,138062140,3495657700
Canada,CAN,1944,140407200,3636064800
Canada,CAN,1945,130520904,3766585600
Canada,CAN,1946,138422140,3905007900
Canada,CAN,1947,143547860,4048555800
Canada,CAN,1948,158506560,4207062300
Canada,CAN,1949,145021900,4352084000
Canada,CAN,1950,154133800,4506218000
Canada,CAN,1951,162681650,4668900000
Canada,CAN,1952,159408780,4828308500
Canada,CAN,1953,160611790,4988920300
Canada,CAN,1954,162967660,5151888000
Canada,CAN,1955,169476780,5321364500
Canada,CAN,1956,189802430,5511167000
Canada,CAN,1957,182815090,5693982000
Canada,CAN,1958,182155200,5876137500
Canada,CAN,1959,184481360,6060619000
Canada,CAN,1960,192716240,6253335000
Canada,CAN,1961,194000690,6447335400
Canada,CAN,1962,206990770,6654326300
Canada,CAN,1963,210910780,6865237000
Canada,CAN,1964,237577730,7102814700
Canada,CAN,1965,251917060,7354732000
Canada,CAN,1966,259074370,7613806600
Canada,CAN,1967,281637020,7895443500
Canada,CAN,1968,303261340,8198704600
Canada,CAN,1969,307119260,8505824000
Canada,CAN,1970,341232200,8847056000
Canada,CAN,1971,352316700,9199373000
Canada,CAN,1972,380813660,9580187000
Canada,CAN,1973,381298850,9961485000
Canada,CAN,1974,389631550,10351117000
Canada,CAN,1975,396790430,10747907000
Canada,CAN,1976,398965920,11146873000
Canada,CAN,1977,407790500,11554663000
Canada,CAN,1978,415532320,11970196000
Canada,CAN,1979,441684060,12411880000
Canada,CAN,1980,442843200,12854724000
Canada,CAN,1981,429622400,13284346000
Canada,CAN,1982,414454880,13698801000
Canada,CAN,1983,408334850,14107136000
Canada,CAN,1984,425237000,14532372000
Canada,CAN,1985,421726000,14954099000
Canada,CAN,1986,404715230,15358814000
Canada,CAN,1987,430982050,15789795000
Canada,CAN,1988,455672830,16245468000
Canada,CAN,1989,462888830,16708357000
Canada,CAN,1990,458017860,17166375000
Canada,CAN,1991,449776450,17616153000
Canada,CAN,1992,463392770,18079545000
Canada,CAN,1993,464071580,18543616000
Canada,CAN,1994,478467870,19022084000
Canada,CAN,1995,491305340,19513390000
Canada,CAN,1996,507775200,20021164000
Canada,CAN,1997,522018700,20543183000
Canada,CAN,1998,529614820,21072798000
Canada,CAN,1999,543859500,21616658000
Canada,CAN,2000,566679900,22183338000
Canada,CAN,2001,558980600,22742317000
Canada,CAN,2002,564256200,23306574000
Canada,CAN,2003,581190400,23887766000
Canada,CAN,2004,576286400,24464050000
Canada,CAN,2005,570396100,25034447000
Canada,CAN,2006,566315400,25600762000
Canada,CAN,2007,589956200,26190719000
Canada,CAN,2008,574214340,26764933000
Canada,CAN,2009,541129860,27306064000
Canada,CAN,2010,554307460,27860370000
Canada,CAN,2011,562832450,28423203000
Canada,CAN,2012,561769540,28984973000
Canada,CAN,2013,568589700,29553562000
Canada,CAN,2014,564938240,30118500000
Canada,CAN,2015,563002560,30681504000
Canada,CAN,2016,553707000,31235210000
Canada,CAN,2017,566660300,31801870000
Canada,CAN,2018,575090750,32376961000
Canada,CAN,2019,579007040,32955967000
Canada,CAN,2020,524207940,33480176000
Canada,CAN,2021,537478660,34017655000
Canada,CAN,2022,547657660,34565313000
Canada,CAN,2023,545478500,35110790000
Canada,CAN,2024,533340100,35644130000
China,CHN,1907,19893872,19893872
China,CHN,1908,22735854,42629730
China,CHN,1909,24251576,66881304
China,CHN,1910,25009438,91890740
China,CHN,1911,24630506,116521250
China,CHN,1912,17029154,133550400
China,CHN,1913,24251576,157801980
China,CHN,1914,26718416,184520380
China,CHN,1915,25420578,209940980
China,CHN,1916,30130690,240071660
China,CHN,1917,32023448,272095100
China,CHN,1918,34747964,306843070
China,CHN,1919,37997296,344840400
China,CHN,1920,40278456,385118820
China,CHN,1921,38762732,423881570
China,CHN,1922,39971524,463853100
China,CHN,1923,46517556,510370620
China,CHN,1924,48846084,559216700
China,CHN,1925,45954840,605171600
China,CHN,1926,43660164,648831740
China,CHN,1927,45808580,694640300
China,CHN,1928,47591444,742231740
China,CHN,1929,48281828,790513600
China,CHN,1930,49558456,840072060
China,CHN,1931,51904660,891976700
China,CHN,1932,50269150,942245800
China,CHN,1933,54111180,996357000
China,CHN,1934,62382628,1058739650
China,CHN,1935,72645970,1131385600
China,CHN,1936,75477250,1206862800
China,CHN,1937,70968650,1277831600
China,CHN,1938,61365520,1339197000
China,CHN,1939,74426990,1413624000
China,CHN,1940,90790530,1504414600
China,CHN,1941,113978570,1618393100
China,CHN,1942,127613384,1746006500
China,CHN,1943,108994540,1855001100
China,CHN,1944,103003570,1958004600
China,CHN,1945,55892210,2013896800
China,CHN,1946,36107050,2050003800
China,CHN,1947,41836136,2091840000
China,CHN,1948,38400104,2130240100
China,CHN,1949,62081100,2192321300
China,CHN,1950,78835304,2271156500
China,CHN,1951,102115210,2373271800
China,CHN,1952,128002990,2501274600
China,CHN,1953,133786500,2635061200
China,CHN,1954,160881020,2795942100
China,CHN,1955,190521500,2986463700
China,CHN,1956,215827650,3202291500
China,CHN,1957,255788690,3458080000
China,CHN,1958,524624400,3982704400
China,CHN,1959,720162560,4702867000
China,CHN,1960,798810940,5501678000
China,CHN,1961,570641150,6072319000
China,CHN,1962,459625400,6531944400
China,CHN,1963,456786780,6988731400
China,CHN,1964,460644400,7449376000
China,CHN,1965,500293700,7949669400
China,CHN,1966,549466700,8499136000
China,CHN,1967,460233200,8959369000
China,CHN,1968,495513900,9454883000
China,CHN,1969,607694340,10062578000
China,CHN,1970,807963650,10870541000
China,CHN,1971,909209860,11779751000
China,CHN,1972,968635800,12748386000
China,CHN,1973,1008268600,13756656000
China,CHN,1974,1028063500,14784719000
China,CHN,1975,1183153500,15967873000
China,CHN,1976,1226339500,17194211000
China,CHN,1977,1340715300,18534926000
China,CHN,1978,1492517500,20027445000
China,CHN,1979,1525417300,21552861000
China,CHN,1980,1494297900,23047160000
China,CHN,1981,1476280000,24523440000
China,CHN,1982,1606239100,26129678000
China,CHN,1983,1693746700,27823426000
China,CHN,1984,1844212700,29667640000
China,CHN,1985,1997193300,31664833000
China,CHN,1986,2103429900,33768262000
China,CHN,1987,2256629500,36024893000
China,CHN,1988,2424444200,38449336000
China,CHN,1989,2462150000,40911487000
China,CHN,1990,2483534300,43395020000
China,CHN,1991,2619143400,46014165000
China,CHN,1992,2731290400,48745456000
China,CHN,1993,2914284500,51659740000
China,CHN,1994,3093890800,54753630000
China,CHN,1995,3351197200,58104828000
China,CHN,1996,3499310600,61604135000
China,CHN,1997,3512350000,65116488000
China,CHN,1998,3355336000,68471824000
China,CHN,1999,3549949000,72021770000
China,CHN,2000,3643809500,75665580000
China,CHN,2001,3724114200,79389700000
China,CHN,2002,4098180600,83487875000
China,CHN,2003,4835251700,88323130000
China,CHN,2004,5210961400,93534085000
China,CHN,2005,5881990700,99416080000
China,CHN,2006,6486184400,105902260000
China,CHN,2007,6974663000,112876930000
China,CHN,2008,7492404000,120369330000
China,CHN,2009,7881491000,128250820000
China,CHN,2010,8610048000,136860870000
China,CHN,2011,9520154000,146381030000
China,CHN,2012,9767310000,156148330000
China,CHN,2013,9942371000,166090700000
China,CHN,2014,9976027000,176066740000
China,CHN,2015,9858040000,185924780000
China,CHN,2016,9748175000,195672950000
China,CHN,2017,10000013000,205672960000
China,CHN,2018,10346790000,216019750000
China,CHN,2019,10713515000,226733260000
China,CHN,2020,10896520000,237629780000
China,CHN,2021,11284401000,248914180000
China,CHN,2022,11711807000,260625990000
China,CHN,2023,12172008000,272798000000
China,CHN,2024,12289037000,285087040000
France,FRA,1802,2238704,2238704
France,FRA,1804,2176416,4415120
France,FRA,1810,2121456,6536576
France,FRA,1811,2051840.1,8588416
France,FRA,1812,2216720,10805136
France,FRA,1813,2048176,12853312
France,FRA,1814,2092144,14945456
France,FRA,1815,2341296,17286752
France,FRA,1816,2498848,19785600
France,FRA,1817,2660064,22445664
France,FRA,1818,2381600,24827264
France,FRA,1819,2557472,27384736
France,FRA,1820,2901888,30286624
France,FRA,1821,3011808,33298432
France,FRA,1822,3169360,36467790
France,FRA,1823,3169360,39637150
France,FRA,1824,3517440,43154590
France,FRA,1825,3957120,47111710
France,FRA,1826,4089024,51200736
France,FRA,1827,5910032,57110770
France,FRA,1828,6243456,63354224
France,FRA,1829,6074912,69429140
France,FRA,1830,6551232,75980370
France,FRA,1831,6052928,82033300
France,FRA,1832,6679472,88712770
France,FRA,1833,7247392,95960160
France,FRA,1834,8921840,104882000
France,FRA,1835,9258928,114140930
France,FRA,1836,10636592,124777520
France,FRA,1837,11351072,136128590
France,FRA,1838,11867696,147996290
France,FRA,1839,11570912,159567200
France,FRA,1840,11798080,171365280
France,FRA,1841,13820608,185185890
France,FRA,1842,14527760,199713650
France,FRA,1843,14549744,214263400
France,FRA,1844,15260560,229523950
France,FRA,1845,17836352,247360300
France,FRA,1846,18528848,265889150
France,FRA,1847,20840832,286730000
France,FRA,1848,16689520,303419520
France,FRA,1849,17385680,320805200
France,FRA,1850,19617056,340422240
France,FRA,1851,20038416,360460670
France,FRA,1852,21569968,382030620
France,FRA,1853,25340224,407370850
France,FRA,1854,29213072,436583940
France,FRA,1855,33071262,469655170
France,FRA,1856,34632130,504287300
France,FRA,1857,35280656,539568000
France,FRA,1858,34595490,574163460
France,FRA,1859,34991200,609154700
France,FRA,1860,38131250,647285900
France,FRA,1861,41241984,688527900
France,FRA,1862,43524656,732052540
France,FRA,1863,44187840,776240400
France,FRA,1864,46829584,823069950
France,FRA,1865,49302784,872372740
France,FRA,1866,53560350,925933100
France,FRA,1867,54278496,980211600
France,FRA,1868,55531584,1035743170
France,FRA,1869,56942224,1092685400
France,FRA,1870,50537550,1143222900
France,FRA,1871,50262750,1193485700
France,FRA,1872,60924990,1254410800
France,FRA,1873,65849412,1320260100
France,FRA,1874,62643410,1382903600
France,FRA,1875,65259508,1448163100
France,FRA,1876,65358428,1513521400
France,FRA,1877,63925810,1577447300
France,FRA,1878,65222864,1642670100
France,FRA,1879,67498210,1710168300
France,FRA,1880,76148910,1786317300
France,FRA,1881,77984580,1864301800
France,FRA,1882,82308100,1946609900
France,FRA,1883,86320180,2032930000
France,FRA,1884,82912660,2115842800
France,FRA,1885,79713980,2195556900
France,FRA,1886,79072780,2274629600
France,FRA,1887,83290050,2357919500
France,FRA,1888,86653600,2444573200
France,FRA,1889,88797040,2533370000
France,FRA,1890,97817810,2631188000
France,FRA,1891,97982690,2729170700
France,FRA,1892,98121920,2827292700
France,FRA,1893,96330220,2923623000
France,FRA,1894,101899500,3025522400
France,FRA,1895,102775200,3128297500
France,FRA,1896,106281650,3234579200
France,FRA,1897,111261020,3345840000
France,FRA,1898,115045940,3460886300
France,FRA,1899,120300110,3581186300
France,FRA,1900,129276920,3710463200
France,FRA,1901,125004690,3835467800
France,FRA,1902,117662030,3953130000
France,FRA,1903,129342860,4082472700
France,FRA,1904,125997630,4208470500
France,FRA,1905,127426590,4335897000
France,FRA,1906,136568270,4472465400
France,FRA,1907,145596370,4618062000
France,FRA,1908,146713890,4764775400
France,FRA,1909,150095760,4914871300
France,FRA,1910,150612380,5065484000
France,FRA,1911,156907140,5222391000
France,FRA,1912,158577920,5380969000
France,FRA,1913,171112460,5552081400
France,FRA,1914,118350860,5670432300
France,FRA,1915,103233200,5773665300
France,FRA,1916,109689170,5883354600
France,FRA,1917,121604500,6004958700
France,FRA,1918,108450740,6113409500
France,FRA,1919,116141470,6229551000
France,FRA,1920,151777540,6381329000
France,FRA,1921,137909300,6519238000
France,FRA,1922,163150600,6682388500
France,FRA,1923,184189280,6866578000
France,FRA,1924,206634940,7073213000
France,FRA,1925,213827380,7287040000
France,FRA,1926,213732110,7500772400
France,FRA,1927,213039620,7713812000
France,FRA,1928,211619150,7925431300
France,FRA,1929,234282100,8159713300
France,FRA,1930,237634190,8397347300
France,FRA,1931,217493550,8614841000
France,FRA,1932,191775420,8806616000
France,FRA,1933,199387060,9006003000
France,FRA,1934,201350060,9207353000
France,FRA,1935,195372340,9402725000
France,FRA,1936,198079070,9600805000
France,FRA,1937,217705010,9818510000
France,FRA,1938,201798460,10020308000
France,FRA,1939,194617020,10214925000
France,FRA,1940,137737090,10352663000
France,FRA,1941,119927290,10472589000
France,FRA,1942,122495736,10595085000
France,FRA,1943,125245670,10720331000
France,FRA,1944,79986440,10800317000
France,FRA,1945,107165640,10907483000
France,FRA,1946,165245170,11072728000
France,FRA,1947,183624110,11256353000
France,FRA,1948,196500540,11452853000
France,FRA,1949,229050910,11681904000
France,FRA,1950,202450910,11884355000
France,FRA,1951,228945170,12113300000
France,FRA,1952,227217330,12340517000
France,FRA,1953,214771790,12555290000
France,FRA,1954,226601010,12781891000
France,FRA,1955,239267600,13021157000
France,FRA,1956,268807100,13289965000
France,FRA,1957,277881700,13567846000
France,FRA,1958,266527340,13834374000
France,FRA,1959,262329810,14096703000
France,FRA,1960,298395840,14395099000
France,FRA,1961,318161820,14713261000
France,FRA,1962,335538270,15048799000
France,FRA,1963,340421950,15389222000
France,FRA,1964,371374000,15760596000
France,FRA,1965,365844930,16126440000
France,FRA,1966,382835940,16509276000
France,FRA,1967,407292540,16916569000
France,FRA,1968,421116100,17337686000
France,FRA,1969,446577900,17784263000
France,FRA,1970,463946460,18248210000
France,FRA,1971,497045800,18745256000
France,FRA,1972,517593100,19262850000
France,FRA,1973,542646300,19805495000
France,FRA,1974,524736700,20330232000
France,FRA,1975,486023100,20816255000
France,FRA,1976,527371840,21343625000
France,FRA,1977,511269060,21854896000
France,FRA,1978,532682500,22387577000
France,FRA,1979,536053000,22923630000
France,FRA,1980,514509470,23438140000
France,FRA,1981,462596380,23900738000
France,FRA,1982,443395520,24344132000
France,FRA,1983,426039200,24770170000
France,FRA,1984,414655870,25184827000
France,FRA,1985,407801860,25592630000
France,FRA,1986,392871740,25985501000
France,FRA,1987,390134660,26375635000
France,FRA,1988,387601180,26763237000
France,FRA,1989,401469220,27164707000
France,FRA,1990,394904320,27559610000
France,FRA,1991,419118720,27978730000
France,FRA,1992,408433000,28387162000
France,FRA,1993,388889700,28776050000
France,FRA,1994,381903100,29157956000
France,FRA,1995,386958820,29544913000
France,FRA,1996,403351940,29948264000
France,FRA,1997,396023140,30344288000
France,FRA,1998,414357000,30758646000
France,FRA,1999,413070240,31171715000
France,FRA,2000,407444640,31579160000
France,FRA,2001,411591650,31990751000
France,FRA,2002,407026600,32397779000
France,FRA,2003,412989100,32810768000
France,FRA,2004,414073000,33224841000
France,FRA,2005,416342900,33641183000
France,FRA,2006,406669020,34047853000
France,FRA,2007,396461200,34444313000
France,FRA,2008,389794300,34834110000
France,FRA,2009,371404200,35205513000
France,FRA,2010,377079400,35582590000
France,FRA,2011,355126820,35937720000
France,FRA,2012,358100260,36295820000
France,FRA,2013,360013340,36655833000
France,FRA,2014,327808770,36983640000
France,FRA,2015,332131000,37315772000
France,FRA,2016,335496400,37651268000
France,FRA,2017,338368030,37989640000
France,FRA,2018,323101730,38312740000
France,FRA,2019,316320800,38629060000
France,FRA,2020,281515500,38910575000
France,FRA,2021,307271840,39217850000
France,FRA,2022,295303800,39513150000
France,FRA,2023,270262660,39783410000
France,FRA,2024,264155620,40047567000
Germany,DEU,1792,468992,468992
Germany,DEU,1793,479984,948976
Germany,DEU,1794,443344,1392320
Germany,DEU,1795,447008,1839328
Germany,DEU,1796,534944,2374272
Germany,DEU,1797,549600,2923872
Germany,DEU,1798,575248,3499120
Germany,DEU,1799,626544,4125664
Germany,DEU,1800,795088,4920752
Germany,DEU,1801,534944,5455696
Germany,DEU,1802,553264,6008960
Germany,DEU,1803,534944,6543904
Germany,DEU,1804,1007599.94,7551504
Germany,DEU,1805,1040576,8592080
Germany,DEU,1806,937984,9530064
Germany,DEU,1807,2689376,12219440
Germany,DEU,1808,897680,13117120
Germany,DEU,1809,930656,14047776
Germany,DEU,1810,978288,15026064
Germany,DEU,1811,926992,15953056
Germany,DEU,1812,912336,16865392
Germany,DEU,1813,890352,17755744
Germany,DEU,1814,883024,18638768
Germany,DEU,1815,1029584.06,19668352
Germany,DEU,1816,2385264,22053616
Germany,DEU,1817,3381872,25435488
Germany,DEU,1818,3532096,28967584
Germany,DEU,1819,3275616,32243200
Germany,DEU,1820,3381872,35625070
Germany,DEU,1821,3532096,39157170
Germany,DEU,1822,3631024,42788190
Germany,DEU,1823,4034063.8,46822256
Germany,DEU,1824,3231648,50053904
Germany,DEU,1825,4338176,54392080
Germany,DEU,1826,4187952,58580030
Germany,DEU,1827,4539696,63119730
Germany,DEU,1828,4539696,67659420
Germany,DEU,1829,3631024,71290450
Germany,DEU,1830,4792512,76082960
Germany,DEU,1831,4590992,80673950
Germany,DEU,1832,3447824,84121780
Germany,DEU,1833,4378480,88500260
Germany,DEU,1834,4411456,92911710
Germany,DEU,1835,4931744,97843460
Germany,DEU,1836,5191888,103035340
Germany,DEU,1837,5950336,108985680
Germany,DEU,1838,6631840,115617520
Germany,DEU,1839,7020224,122637740
Germany,DEU,1840,9174656,131812400
Germany,DEU,1841,9548384,141360780
Germany,DEU,1842,10882080,152242860
Germany,DEU,1843,10299504,162542370
Germany,DEU,1844,10882080,173424450
Germany,DEU,1845,12611488,186035940
Germany,DEU,1846,13186736,199222670
Germany,DEU,1847,13838928,213061600
Germany,DEU,1848,12827664,225889260
Germany,DEU,1849,13622752,239512020
Germany,DEU,1850,15139648,254651660
Germany,DEU,1851,16869056,271520700
Germany,DEU,1852,19173712,290694430
Germany,DEU,1853,20760224,311454660
Germany,DEU,1854,24365600,335820260
Germany,DEU,1855,28615840,364436100
Germany,DEU,1856,30924160,395360260
Germany,DEU,1857,32939362,428299620
Germany,DEU,1858,35610416,463910000
Germany,DEU,1859,33807730,497717760
Germany,DEU,1860,36394510,534112260
Germany,DEU,1861,41329920,575442200
Germany,DEU,1862,45539856,620982000
Germany,DEU,1863,49383390,670365440
Germany,DEU,1864,56641776,727007200
Germany,DEU,1865,63467810,790475000
Germany,DEU,1866,62907216,853382300
Germany,DEU,1867,69154340,922536600
Germany,DEU,1868,74368210,996904770
Germany,DEU,1869,77592530,1074497300
Germany,DEU,1870,76639890,1151137200
Germany,DEU,1871,85349220,1236486400
Germany,DEU,1872,92109300,1328595700
Germany,DEU,1873,98367410,1426963100
Germany,DEU,1874,71594560,1498557700
Germany,DEU,1875,101518450,1600076200
Germany,DEU,1876,103438380,1703514500
Germany,DEU,1877,101302270,1804816800
Germany,DEU,1878,104544910,1909361700
Germany,DEU,1879,110846990,2020208600
Germany,DEU,1880,124502720,2144711400
Germany,DEU,1881,134263620,2278975000
Germany,DEU,1882,143665440,2422640400
Germany,DEU,1883,153092910,2575733200
Germany,DEU,1884,157526350,2733259800
Germany,DEU,1885,161183020,2894442800
Germany,DEU,1886,163033340,3057476000
Germany,DEU,1887,170390660,3227866600
Germany,DEU,1888,186347380,3414214100
Germany,DEU,1889,198848940,3613063200
Germany,DEU,1890,208232450,3821295600
Germany,DEU,1891,220840270,4042135800
Germany,DEU,1892,214988860,4257124600
Germany,DEU,1893,220712030,4477837000
Germany,DEU,1894,229498300,4707335000
Germany,DEU,1895,238284580,4945619500
Germany,DEU,1896,256260160,5201879600
Germany,DEU,1897,273554240,5475434000
Germany,DEU,1898,285377950,5760812000
Germany,DEU,1899,303283940,6064095700
Germany,DEU,1900,326759200,6390855000
Germany,DEU,1901,325557400,6716412400
Germany,DEU,1902,319189380,7035602000
Germany,DEU,1903,343598940,7379201000
Germany,DEU,1904,356122460,7735323000
Germany,DEU,1905,382323740,8117647000
Germany,DEU,1906,361937250,8479584000
Germany,DEU,1907,442182530,8921767000
Germany,DEU,1908,446641600,9368408000
Germany,DEU,1909,445571700,9813980000
Germany,DEU,1910,445366530,10259346000
Germany,DEU,1911,458586240,10717933000
Germany,DEU,1912,499121060,11217054000
Germany,DEU,1913,535083260,11752137000
Germany,DEU,1914,497926600,12250064000
Germany,DEU,1915,462906100,12712970000
Germany,DEU,1916,500696600,13213666000
Germany,DEU,1917,524578560,13738245000
Germany,DEU,1918,503422600,14241668000
Germany,DEU,1919,387427700,14629095000
Germany,DEU,1920,429208300,15058304000
Germany,DEU,1921,473179970,15531483000
Germany,DEU,1922,455460830,15986944000
Germany,DEU,1923,331929100,16318874000
Germany,DEU,1924,451793180,16770666000
Germany,DEU,1925,458065950,17228732000
Germany,DEU,1926,413236900,17641970000
Germany,DEU,1927,481185800,18123155000
Germany,DEU,1928,505010900,18628166000
Germany,DEU,1929,539234750,19167402000
Germany,DEU,1930,462091780,19629492000
Germany,DEU,1931,385964900,20015458000
Germany,DEU,1932,347485760,20362942000
Germany,DEU,1933,364980800,20727925000
Germany,DEU,1934,408619780,21136544000
Germany,DEU,1935,452332830,21588877000
Germany,DEU,1936,499634430,22088511000
Germany,DEU,1937,563512600,22652025000
Germany,DEU,1938,601272640,23253297000
Germany,DEU,1939,648625500,23901921000
Germany,DEU,1940,654325000,24556247000
Germany,DEU,1941,660793200,25217040000
Germany,DEU,1942,667899400,25884940000
Germany,DEU,1943,679430140,26564370000
Germany,DEU,1944,600273150,27164643000
Germany,DEU,1945,116064530,27280708000
Germany,DEU,1946,271682430,27552390000
Germany,DEU,1947,317660030,27870050000
Germany,DEU,1948,377816400,28247865000
Germany,DEU,1949,432148030,28680014000
Germany,DEU,1950,510498620,29190513000
Germany,DEU,1951,576631100,29767143000
Germany,DEU,1952,610757060,30377902000
Germany,DEU,1953,623250200,31001151000
Germany,DEU,1954,659493700,31660644000
Germany,DEU,1955,723231040,32383875000
Germany,DEU,1956,765941600,33149817000
Germany,DEU,1957,777665860,33927483000
Germany,DEU,1958,756119100,34683600000
Germany,DEU,1959,755483140,35439088000
Germany,DEU,1960,813602200,36252690000
Germany,DEU,1961,834506300,37087195000
Germany,DEU,1962,882842560,37970035000
Germany,DEU,1963,945241540,38915277000
Germany,DEU,1964,968631740,39883910000
Germany,DEU,1965,959842050,40843750000
Germany,DEU,1966,951154560,41794910000
Germany,DEU,1967,936013200,42730918000
Germany,DEU,1968,984581950,43715502000
Germany,DEU,1969,1051802900,44767306000
Germany,DEU,1970,1025802500,45793110000
Germany,DEU,1971,1037079230,46830186000
Germany,DEU,1972,1041356400,47871540000
Germany,DEU,1973,1085602800,48957145000
Germany,DEU,1974,1062510850,50019656000
Germany,DEU,1975,1002285760,51021943000
Germany,DEU,1976,1090807700,52112750000
Germany,DEU,1977,1052513300,53165265000
Germany,DEU,1978,1079066600,54244330000
Germany,DEU,1979,1117745500,55362077000
Germany,DEU,1980,1099901200,56461976000
Germany,DEU,1981,1048362200,57510340000
Germany,DEU,1982,1015499600,58525840000
Germany,DEU,1983,1011436300,59537273000
Germany,DEU,1984,1033017500,60570292000
Germany,DEU,1985,1043912800,61614203000
Germany,DEU,1986,1047233800,62661440000
Germany,DEU,1987,1032266940,63693705000
Germany,DEU,1988,1028701630,64722407000
Germany,DEU,1989,1008565250,65730974000
Germany,DEU,1990,1054795900,66785767000
Germany,DEU,1991,1016929540,67802698000
Germany,DEU,1992,969464450,68772160000
Germany,DEU,1993,959385860,69731550000
Germany,DEU,1994,943227650,70674780000
Germany,DEU,1995,939933600,71614710000
Germany,DEU,1996,959690100,72574400000
Germany,DEU,1997,931508100,73505910000
Germany,DEU,1998,923498700,74429410000
Germany,DEU,1999,895442050,75324850000
Germany,DEU,2000,898975740,76223820000
Germany,DEU,2001,915254800,77139075000
Germany,DEU,2002,898834300,78037910000
Germany,DEU,2003,894501100,78932410000
Germany,DEU,2004,876569860,79808990000
Germany,DEU,2005,867880500,80676860000
Germany,DEU,2006,886434300,81563296000
Germany,DEU,2007,846152960,82409456000
Germany,DEU,2008,856642500,83266090000
Germany,DEU,2009,789983940,84056080000
Germany,DEU,2010,826704700,84882784000
Germany,DEU,2011,804541600,85687320000
Germany,DEU,2012,814093000,86501420000
Germany,DEU,2013,831745540,87333170000
Germany,DEU,2014,792583600,88125740000
Germany,DEU,2015,800822500,88926570000
Germany,DEU,2016,797988300,89724560000
Germany,DEU,2017,784595140,90509160000
Germany,DEU,2018,758771400,91267920000
Germany,DEU,2019,708648960,91976570000
Germany,DEU,2020,647176800,92623750000
Germany,DEU,2021,677997700,93301740000
Germany,DEU,2022,667843000,93969590000
Germany,DEU,2023,593766000,94563350000
Germany,DEU,2024,572319170,95135680000
India,IND,1858,394481,394481
India,IND,1859,636474,1030955
India,IND,1860,643104,1674059
India,IND,1861,497245,2171304
India,IND,1862,550285,2721589
India,IND,1863,609954,3331543
India,IND,1864,576805,3908348
India,IND,1865,566860,4475208
India,IND,1866,639789,5114997
India,IND,1878,1766878,6881875
India,IND,1879,1684355,8566230
India,IND,1880,1886743,10452973
India,IND,1881,1839304,12292277
India,IND,1882,2196259,14488536
India,IND,1883,2440867,16929404
India,IND,1884,2729971,19659374
India,IND,1885,2459363,22118736
India,IND,1886,2772020,24890756
India,IND,1887,3065970,27956728
India,IND,1888,3409502,31366228
India,IND,1889,4021770,35388000
India,IND,1890,4431605,39819604
India,IND,1891,4772351,44591956
India,IND,1892,5247216,49839172
India,IND,1893,5543114,55382284
India,IND,1894,5616621,60998904
India,IND,1895,7034599,68033500
India,IND,1896,7607913,75641416
India,IND,1897,8253253,83894670
India,IND,1898,9125050,93019720
India,IND,1899,10054329,103074050
India,IND,1900,11929382,115003430
India,IND,1901,13179482,128182910
India,IND,1902,14515204,142698110
India,IND,1903,14801903,157500020
India,IND,1904,16560764,174060780
India,IND,1905,16930472,190991260
India,IND,1906,19549130,210540380
India,IND,1907,21772074,232312460
India,IND,1908,24907868,257220320
India,IND,1909,24142304,281362620
India,IND,1910,23486964,304849600
India,IND,1911,24782072,329631680
India,IND,1912,28521014,358152670
India,IND,1913,31466286,389618980
India,IND,1914,31697660,421316640
India,IND,1915,33141220,454457860
India,IND,1916,33517002,487974850
India,IND,1917,35019230,522994080
India,IND,1918,39358704,562352800
India,IND,1919,42974096,605326850
India,IND,1920,34867452,640194300
India,IND,1921,37504950,677699260
India,IND,1922,36902812,714602100
India,IND,1923,37971310,752573440
India,IND,1924,40627332,793200800
India,IND,1925,40084310,833285060
India,IND,1926,39941964,873227000
India,IND,1927,41883140,915110140
India,IND,1928,40072296,955182460
India,IND,1929,41707188,996889660
India,IND,1930,42398796,1039288450
India,IND,1931,38850388,1078138900
India,IND,1932,36128884,1114267600
India,IND,1933,35466760,1149734500
India,IND,1934,39610384,1189344900
India,IND,1935,41392524,1230737400
India,IND,1936,40683816,1271421200
India,IND,1937,45066548,1316487700
India,IND,1938,50378828,1366866600
India,IND,1939,49311412,1416177900
India,IND,1940,52308668,1468486700
India,IND,1941,53580236,1522067000
India,IND,1942,53528676,1575595500
India,IND,1943,46643676,1622239200
India,IND,1944,47695224,1669934500
India,IND,1945,52873180,1722807700
India,IND,1946,52224150,1775031800
India,IND,1947,53179404,1828211200
India,IND,1948,53203210,1881414400
India,IND,1949,56186924,1937601300
India,IND,1950,60942560,1998543900
India,IND,1951,63805724,2062349600
India,IND,1952,67249430,2129599000
India,IND,1953,68607650,2198206700
India,IND,1954,72306530,2270513200
India,IND,1955,78693850,2349207000
India,IND,1956,81618800,2430826000
India,IND,1957,91617590,2522443500
India,IND,1958,95801250,2618244600
India,IND,1959,101436020,2719680800
India,IND,1960,111320210,2831000800
India,IND,1961,120399360,2951400200
India,IND,1962,132579760,3083980000
India,IND,1963,142438960,3226419000
India,IND,1964,139483200,3365902300
India,IND,1965,153696700,3519598800
India,IND,1966,159371420,3678970400
India,IND,1967,159557100,3838527500
India,IND,1968,174070540,4012598000
India,IND,1969,177411300,4190009300
India,IND,1970,181723860,4371733000
India,IND,1971,191964860,4563698000
India,IND,1972,203037040,4766735000
India,IND,1973,209096030,4975831000
India,IND,1974,215854050,5191685000
India,IND,1975,234209710,5425895000
India,IND,1976,244749840,5670644700
India,IND,1977,258962060,5929606700
India,IND,1978,263149940,6192756700
India,IND,1979,276285000,6469041700
India,IND,1980,291714430,6760756000
India,IND,1981,314969280,7075725300
India,IND,1982,325383070,7401108500
India,IND,1983,352204860,7753313300
India,IND,1984,361568800,8114882000
India,IND,1985,397601120,8512483300
India,IND,1986,426318050,8938801000
India,IND,1987,455354720,9394156000
India,IND,1988,491700100,9885856000
India,IND,1989,540661900,10426518000
India,IND,1990,577986560,11004504000
India,IND,1991,615388160,11619893000
India,IND,1992,655423550,12275317000
India,IND,1993,677262100,12952578000
India,IND,1994,714042800,13666621000
India,IND,1995,760480200,14427101000
India,IND,1996,823602200,15250703000
India,IND,1997,857975740,16108679000
India,IND,1998,875783360,16984462000
India,IND,1999,961193860,17945657000
India,IND,2000,987065100,18932722000
India,IND,2001,1001198400,19933920000
India,IND,2002,1032750340,20966670000
India,IND,2003,1068397950,22035069000
India,IND,2004,1134611000,23169680000
India,IND,2005,1195393300,24365072000
India,IND,2006,1293321500,25658395000
India,IND,2007,1393485200,27051878000
India,IND,2008,1490366500,28542245000
India,IND,2009,1613327600,30155573000
India,IND,2010,1678529500,31834104000
India,IND,2011,1765694800,33599797000
India,IND,2012,1926986400,35526783000
India,IND,2013,1995337200,37522120000
India,IND,2014,2148052000,39670174000
India,IND,2015,2231817500,41901990000
India,IND,2016,2352540200,44254530000
India,IND,2017,2425721900,46680252000
India,IND,2018,2595227100,49275480000
India,IND,2019,2611174700,51886653000
India,IND,2020,2422732000,54309390000
India,IND,2021,2675778000,56985166000
India,IND,2022,2831131600,59816296000
India,IND,2023,3062756400,62879050000
India,IND,2024,3193478100,66072530000
Japan,JPN,1868,10992,10992
Japan,JPN,1869,18320,29312
Japan,JPN,1870,18320,47632
Japan,JPN,1871,25648,73280
Japan,JPN,1872,32976,106256
Japan,JPN,1873,40304,146560
Japan,JPN,1874,586240,732800
Japan,JPN,1875,1439952,2172752
Japan,JPN,1876,1403312,3576064
Japan,JPN,1877,1289728,4865792
Japan,JPN,1878,1857648,6723440
Japan,JPN,1879,2315648,9039088
Japan,JPN,1880,2348624,11387712
Japan,JPN,1881,2414576,13802288
Japan,JPN,1882,2513504,16315792
Japan,JPN,1883,2711360,19027152
Japan,JPN,1884,2956848,21984000
Japan,JPN,1885,3348896,25332896
Japan,JPN,1886,3605376,28938272
Japan,JPN,1887,4473744,33412016
Japan,JPN,1888,5169904,38581920
Japan,JPN,1889,6254448,44836370
Japan,JPN,1890,6756416,51592784
Japan,JPN,1891,8123088,59715870
Japan,JPN,1892,8075455.5,67791330
Japan,JPN,1893,8573760,76365090
Japan,JPN,1894,11024976,87390060
Japan,JPN,1895,12226768,99616830
Japan,JPN,1896,12915600,112532430
Japan,JPN,1897,13542144,126074580
Japan,JPN,1898,17246448,143321020
Japan,JPN,1899,17272096,160593120
Japan,JPN,1900,19411872,180005000
Japan,JPN,1901,23273728,203278720
Japan,JPN,1902,24944512,228223230
Japan,JPN,1903,25787232,254010460
Japan,JPN,1904,29051856,283062340
Japan,JPN,1905,29931216,312993540
Japan,JPN,1906,32855088,345848640
Japan,JPN,1907,35071810,380920450
Japan,JPN,1908,37632944,418553380
Japan,JPN,1909,38255824,456809200
Japan,JPN,1910,39384336,496193540
Japan,JPN,1911,44209824,540403300
Japan,JPN,1912,49280800,589684160
Japan,JPN,1913,54315136,643999300
Japan,JPN,1914,58015776,702015100
Japan,JPN,1915,52842210,754857300
Japan,JPN,1916,58598350,813455600
Japan,JPN,1917,67483550,880939200
Japan,JPN,1918,71543260,952482400
Japan,JPN,1919,79193700,1031676160
Japan,JPN,1920,74280270,1105956400
Japan,JPN,1921,66809380,1172765800
Japan,JPN,1922,71429680,1244195500
Japan,JPN,1923,75907090,1320102500
Japan,JPN,1924,79347580,1399450100
Japan,JPN,1925,82011310,1481461500
Japan,JPN,1926,82604880,1564066300
Japan,JPN,1927,89482210,1653548500
Japan,JPN,1928,92390570,1745939100
Japan,JPN,1929,94880340,1840819500
Japan,JPN,1930,86165784,1926985200
Japan,JPN,1931,77904010,2004889200
Japan,JPN,1932,77980500,2082869800
Japan,JPN,1933,91342500,2174212400
Japan,JPN,1934,101202820,2275415000
Japan,JPN,1935,106382490,2381797600
Japan,JPN,1936,116849070,2498646500
Japan,JPN,1937,125430960,2624077600
Japan,JPN,1938,131735120,2755812600
Japan,JPN,1939,127746840,2883559400
Japan,JPN,1940,153244270,3036803800
Japan,JPN,1941,154604580,3191408400
Japan,JPN,1942,147791840,3339200300
Japan,JPN,1943,150637470,3489837600
Japan,JPN,1944,138732700,3628570400
Japan,JPN,1945,76635160,3705205500
Japan,JPN,1946,52706560,3757912000
Japan,JPN,1947,70032370,3827944400
Japan,JPN,1948,88082370,3916027000
Japan,JPN,1949,98420104,4014446800
Japan,JPN,1950,102540984,4116988000
Japan,JPN,1951,123380700,4240368600
Japan,JPN,1952,130362000,4370730500
Japan,JPN,1953,145868600,4516599300
Japan,JPN,1954,142662190,4659261400
Japan,JPN,1955,142006910,4801268000
Japan,JPN,1956,160800780,4962069000
Japan,JPN,1957,188279260,5150348300
Japan,JPN,1958,181420860,5331769300
Japan,JPN,1959,192920450,5524690000
Japan,JPN,1960,232829570,5757519400
Japan,JPN,1961,283131330,6040651000
Japan,JPN,1962,293278460,6333929000
Japan,JPN,1963,325267800,6659197000
Japan,JPN,1964,359352600,7018549000
Japan,JPN,1965,386969630,7405519400
Japan,JPN,1966,419780260,7825299500
Japan,JPN,1967,489915650,8315215000
Japan,JPN,1968,562568260,8877783000
Japan,JPN,1969,653852800,9531636000
Japan,JPN,1970,769747650,10301384000
Japan,JPN,1971,799647100,11101030000
Japan,JPN,1972,861053600,11962084000
Japan,JPN,1973,914265900,12876350000
Japan,JPN,1974,914306240,13790657000
Japan,JPN,1975,869814900,14660472000
Japan,JPN,1976,909575100,15570047000
Japan,JPN,1977,935554000,16505601000
Japan,JPN,1978,905087550,17410690000
Japan,JPN,1979,957147100,18367836000
Japan,JPN,1980,948551700,19316388000
Japan,JPN,1981,930377400,20246764000
Japan,JPN,1982,900724400,21147488000
Japan,JPN,1983,884423800,22031913000
Japan,JPN,1984,940541800,22972455000
Japan,JPN,1985,915276160,23887730000
Japan,JPN,1986,914048900,24801780000
Japan,JPN,1987,902207500,25703987000
Japan,JPN,1988,984698500,26688686000
Japan,JPN,1989,1021297860,27709983000
Japan,JPN,1990,1154853200,28864836000
Japan,JPN,1991,1166552400,30031389000
Japan,JPN,1992,1175454300,31206842000
Japan,JPN,1993,1169328000,32376170000
Japan,JPN,1994,1223158300,33599330000
Japan,JPN,1995,1235873200,34835200000
Japan,JPN,1996,1248690000,36083892000
Japan,JPN,1997,1240980400,37324874000
Japan,JPN,1998,1201334400,38526206000
Japan,JPN,1999,1238121000,39764330000
Japan,JPN,2000,1260203000,41024532000
Japan,JPN,2001,1245935200,42270466000
Japan,JPN,2002,1275420300,43545887000
Japan,JPN,2003,1283845000,44829733000
Japan,JPN,2004,1279121500,46108852000
Japan,JPN,2005,1286412300,47395267000
Japan,JPN,2006,1263440400,48658706000
Japan,JPN,2007,1298973600,49957680000
Japan,JPN,2008,1228686700,51186370000
Japan,JPN,2009,1160252800,52346618000
Japan,JPN,2010,1211090300,53557710000
Japan,JPN,2011,1261180500,54818890000
Japan,JPN,2012,1302112500,56121004000
Japan,JPN,2013,1311875600,57432880000
Japan,JPN,2014,1260272400,58693150000
Japan,JPN,2015,1219982500,59913134000
Japan,JPN,2016,1199932900,61113065000
Japan,JPN,2017,1184391700,62297457000
Japan,JPN,2018,1138549800,63436005000
Japan,JPN,2019,1102063000,64538070000
Japan,JPN,2020,1037284700,65575354000
Japan,JPN,2021,1058501800,66633855000
Japan,JPN,2022,1029644900,67663503000
Japan,JPN,2023,986910140,68650410000
Japan,JPN,2024,961867300,69612280000
Russia,RUS,1830,11204,11204
Russia,RUS,1831,13445,24649
Russia,RUS,1832,8964,33613
Russia,RUS,1833,11204,44817
Russia,RUS,1850,69467,114284
Russia,RUS,1855,210643,324927
Russia,RUS,1858,295796,620723
Russia,RUS,1859,313723,934446
Russia,RUS,1860,414563,1349009
Russia,RUS,1861,526607,1875616
Russia,RUS,1862,475067,2350683
Russia,RUS,1863,497476,2848159
Russia,RUS,1864,557980,3406139
Russia,RUS,1865,533330,3939469
Russia,RUS,1866,1685143,5624612
Russia,RUS,1867,1933881,7558493
Russia,RUS,1868,1608953,9167446
Russia,RUS,1869,2182619,11350065
Russia,RUS,1870,2368612,13718677
Russia,RUS,1871,3197739,16916416
Russia,RUS,1872,3282892,20199308
Russia,RUS,1873,3081213,23280520
Russia,RUS,1874,3740032,27020552
Russia,RUS,1875,4304734,31325288
Russia,RUS,1876,5344504,36669790
Russia,RUS,1877,5454307,42124096
Russia,RUS,1878,7128246,49252344
Russia,RUS,1879,7314239,56566584
Russia,RUS,1880,8580338,65146920
Russia,RUS,1881,9037477,74184400
Russia,RUS,1882,9519267,83703660
Russia,RUS,1883,10834665,94538330
Russia,RUS,1884,11000490,105538820
Russia,RUS,1885,11981997,117520820
Russia,RUS,1886,12288997,129809816
Russia,RUS,1887,13003839,142813650
Russia,RUS,1888,13564059,156377710
Russia,RUS,1889,14648646,171026350
Russia,RUS,1890,16589251,187615620
Russia,RUS,1891,18265430,205881040
Russia,RUS,1892,19334332,225215380
Russia,RUS,1893,22662040,247877400
Russia,RUS,1894,23081086,270958500
Russia,RUS,1895,26520840,297479330
Russia,RUS,1896,26998146,324477470
Russia,RUS,1897,31215488,355692960
Russia,RUS,1898,35009300,390702270
Russia,RUS,1899,40613748,431316030
Russia,RUS,1900,46007548,477323600
Russia,RUS,1901,47233316,524556900
Russia,RUS,1902,45619876,570176800
Russia,RUS,1903,44624930,614801660
Russia,RUS,1904,49648984,664450700
Russia,RUS,1905,44317924,708768600
Russia,RUS,1906,50549816,759318400
Russia,RUS,1907,56620370,815938750
Russia,RUS,1908,56967704,872906500
Russia,RUS,1909,60136310,933042800
Russia,RUS,1910,58975536,992018300
Russia,RUS,1911,61144710,1053163100
Russia,RUS,1912,69263420,1122426500
Russia,RUS,1913,75242100,1197668600
Russia,RUS,1914,67907690,1265576200
Russia,RUS,1915,62330136,1327906400
Russia,RUS,1916,66433188,1394339600
Russia,RUS,1917,61140228,1455479800
Russia,RUS,1918,24383038,1479862800
Russia,RUS,1919,20826758,1500689500
Russia,RUS,1920,18991476,1519681000
Russia,RUS,1921,20595948,1540277000
Russia,RUS,1922,25118048,1565395100
Russia,RUS,1923,27746602,1593141600
Russia,RUS,1924,33057492,1626199200
Russia,RUS,1925,32627244,1658826400
Russia,RUS,1926,47273650,1706100100
Russia,RUS,1927,58773852,1764873900
Russia,RUS,1928,65292970,1830166900
Russia,RUS,1929,70315310,1900482200
Russia,RUS,1930,95588780,1996070900
Russia,RUS,1931,114837200,2110908200
Russia,RUS,1932,129387880,2240296000
Russia,RUS,1933,144604200,2384900400
Russia,RUS,1934,174916260,2559816400
Russia,RUS,1935,197995140,2757811700
Russia,RUS,1936,227038910,2984850400
Russia,RUS,1937,232156980,3217007600
Russia,RUS,1938,245030510,3462038000
Russia,RUS,1939,248035660,3710073600
Russia,RUS,1940,297361760,4007435500
Russia,RUS,1941,261240080,4268675600
Russia,RUS,1942,142024860,4410700300
Russia,RUS,1943,148225390,4558926000
Russia,RUS,1944,214954380,4773880300
Russia,RUS,1945,227572200,5001452500
Russia,RUS,1946,255750450,5257202700
Russia,RUS,1947,307964200,5565167000
Russia,RUS,1948,327703600,5892870700
Russia,RUS,1949,372516130,6265387000
Russia,RUS,1950,415234050,6680621000
Russia,RUS,1951,450021700,7130642400
Russia,RUS,1952,481900860,7612543500
Russia,RUS,1953,509826180,8122369500
Russia,RUS,1954,556805060,8679174000
Russia,RUS,1955,631364300,9310539000
Russia,RUS,1956,692229300,10002768000
Russia,RUS,1957,757514750,10760283000
Russia,RUS,1958,808559360,11568843000
Russia,RUS,1959,850093000,12418935000
Russia,RUS,1960,885069800,13304005000
Russia,RUS,1961,912752600,14216757000
Russia,RUS,1962,957987460,15174745000
Russia,RUS,1963,1027400260,16202146000
Russia,RUS,1964,1092664400,17294810000
Russia,RUS,1965,1159118800,18453928000
Russia,RUS,1966,1224087400,19678015000
Russia,RUS,1967,1279968800,20957985000
Russia,RUS,1968,1315942400,22273927000
Russia,RUS,1969,1370467700,23644396000
Russia,RUS,1970,1441378600,25085774000
Russia,RUS,1971,1529596300,26615370000
Russia,RUS,1972,1609329400,28224698000
Russia,RUS,1973,1677295900,29901996000
Russia,RUS,1974,1741161700,31643156000
Russia,RUS,1975,1830213400,33473370000
Russia,RUS,1976,1900700900,35374070000
Russia,RUS,1977,1965350500,37339423000
Russia,RUS,1978,2032849200,39372270000
Russia,RUS,1979,2049708800,41421980000
Russia,RUS,1980,2130355200,43552334000
Russia,RUS,1981,2089791000,45642125000
Russia,RUS,1982,2129189500,47771316000
Russia,RUS,1983,2159389000,49930703000
Russia,RUS,1984,2178563300,52109267000
Russia,RUS,1985,2349517300,54458786000
Russia,RUS,1986,2349904400,56808690000
Russia,RUS,1987,2358795300,59167486000
Russia,RUS,1988,2437800700,61605286000
Russia,RUS,1989,2405696800,64010980000
Russia,RUS,1990,2536283600,66547266000
Russia,RUS,1991,2407641600,68954910000
Russia,RUS,1992,1963458400,70918365000
Russia,RUS,1993,1866524800,72784890000
Russia,RUS,1994,1646876200,74431770000
Russia,RUS,1995,1618286200,76050055000
Russia,RUS,1996,1586632700,77636680000
Russia,RUS,1997,1481963500,79118650000
Russia,RUS,1998,1465858700,80584510000
Russia,RUS,1999,1494087800,82078600000
Russia,RUS,2000,1480576400,83559170000
Russia,RUS,2001,1518081400,85077254000
Russia,RUS,2002,1508329900,86585580000
Russia,RUS,2003,1539006300,88124590000
Russia,RUS,2004,1545353200,89669940000
Russia,RUS,2005,1563980400,91233930000
Russia,RUS,2006,1623428500,92857350000
Russia,RUS,2007,1624315400,94481670000
Russia,RUS,2008,1652731400,96134400000
Russia,RUS,2009,1545236500,97679640000
Russia,RUS,2010,1633147500,99312780000
Russia,RUS,2011,1684989000,100997775000
Russia,RUS,2012,1700104100,102697880000
Russia,RUS,2013,1637547000,104335426000
Russia,RUS,2014,1637311200,105972740000
Russia,RUS,2015,1635243500,107607970000
Russia,RUS,2016,1629328400,109237305000
Russia,RUS,2017,1661012200,110898315000
Russia,RUS,2018,1709909600,112608230000
Russia,RUS,2019,1704458600,114312680000
Russia,RUS,2020,1631901600,115944590000
Russia,RUS,2021,1674524300,117619110000
Russia,RUS,2022,1675460900,119294575000
Russia,RUS,2023,1733134600,121027710000
Russia,RUS,2024,1780524400,122808230000
United Kingdom,GBR,1750,9305937,9305937
United Kingdom,GBR,1751,9407229,18713166
United Kingdom,GBR,1752,9505168,28218334
United Kingdom,GBR,1753,9610490,37828824
United Kingdom,GBR,1754,9733580,47562404
United Kingdom,GBR,1755,9793468,57355870
United Kingdom,GBR,1756,9909914,67265784
United Kingdom,GBR,1757,10093936,77359720
United Kingdom,GBR,1758,10216358,87576080
United Kingdom,GBR,1759,10338854,97914936
United Kingdom,GBR,1760,10514331,108429260
United Kingdom,GBR,1761,10747885,119177150
United Kingdom,GBR,1762,10952198,130129340
United Kingdom,GBR,1763,11191592,141320940
United Kingdom,GBR,1764,11396982,152717920
United Kingdom,GBR,1765,11643486,164361400
United Kingdom,GBR,1766,11876080,176237490
United Kingdom,GBR,1767,12152509,188390000
United Kingdom,GBR,1768,12466936,200856930
United Kingdom,GBR,1769,12780074,213637010
United Kingdom,GBR,1770,13097216,226734220
United Kingdom,GBR,1771,13369488,240103710
United Kingdom,GBR,1772,13623507,253727220
United Kingdom,GBR,1773,13808138,267535360
United Kingdom,GBR,1774,14012415,281547780
United Kingdom,GBR,1775,14338920,295886700
United Kingdom,GBR,1776,14654124,310540800
United Kingdom,GBR,1777,14959537,325500350
United Kingdom,GBR,1778,15243483,340743840
United Kingdom,GBR,1779,15535235,356279070
United Kingdom,GBR,1780,15878726,372157800
United Kingdom,GBR,1781,16234383,388392200
United Kingdom,GBR,1782,16580954,404973120
United Kingdom,GBR,1783,17062752,422035870
United Kingdom,GBR,1784,17471092,439506980
United Kingdom,GBR,1785,17961464,457468450
United Kingdom,GBR,1786,18443832,475912260
United Kingdom,GBR,1787,18855466,494767740
United Kingdom,GBR,1788,19282564,514050300
United Kingdom,GBR,1789,19859760,533910050
United Kingdom,GBR,1790,20394430,554304500
United Kingdom,GBR,1791,20928086,575232600
United Kingdom,GBR,1792,21456558,596689150
United Kingdom,GBR,1793,21813614,618502700
United Kingdom,GBR,1794,22072648,640575400
United Kingdom,GBR,1795,21864574,662440000
United Kingdom,GBR,1796,21582768,684022700
United Kingdom,GBR,1797,21536814,705559550
United Kingdom,GBR,1798,22527018,728086600
United Kingdom,GBR,1799,26855000,754941600
United Kingdom,GBR,1800,31340080,786281660
United Kingdom,GBR,1801,30736626,817018300
United Kingdom,GBR,1802,30377368,847395650
United Kingdom,GBR,1803,28241450,875637100
United Kingdom,GBR,1804,27790074,903427200
United Kingdom,GBR,1805,29295006,932722200
United Kingdom,GBR,1806,30908602,963630800
United Kingdom,GBR,1807,32583656,996214460
United Kingdom,GBR,1808,33701640,1029916100
United Kingdom,GBR,1809,34522536,1064438600
United Kingdom,GBR,1810,35402028,1099840600
United Kingdom,GBR,1811,36155070,1135995600
United Kingdom,GBR,1812,36741616,1172737300
United Kingdom,GBR,1813,37359772,1210097200
United Kingdom,GBR,1814,38181804,1248278900
United Kingdom,GBR,1815,39019170,1287298000
United Kingdom,GBR,1816,39265496,1326563600
United Kingdom,GBR,1817,41766344,1368329900
United Kingdom,GBR,1818,43769000,1412099000
United Kingdom,GBR,1819,43316496,1455415400
United Kingdom,GBR,1820,42567188,1497982600
United Kingdom,GBR,1821,43493436,1541476000
United Kingdom,GBR,1822,45073956,1586550000
United Kingdom,GBR,1823,46676420,1633226400
United Kingdom,GBR,1824,48136788,1681363200
United Kingdom,GBR,1825,49563788,1730927000
United Kingdom,GBR,1826,50101644,1781028600
United Kingdom,GBR,1827,52047628,1833076200
United Kingdom,GBR,1828,52630228,1885706500
United Kingdom,GBR,1829,53242880,1938949400
United Kingdom,GBR,1830,67724220,2006673500
United Kingdom,GBR,1831,64486136,2071159700
United Kingdom,GBR,1832,62558720,2133718400
United Kingdom,GBR,1833,61924740,2195643100
United Kingdom,GBR,1834,65802124,2261445400
United Kingdom,GBR,1835,72197420,2333642800
United Kingdom,GBR,1836,78544550,2412187400
United Kingdom,GBR,1837,75253620,2487441000
United Kingdom,GBR,1838,73585960,2561026800
United Kingdom,GBR,1839,75786170,2636813000
United Kingdom,GBR,1840,80790880,2717603800
United Kingdom,GBR,1841,81330410,2798934300
United Kingdom,GBR,1842,85193130,2884127500
United Kingdom,GBR,1843,88569550,2972697000
United Kingdom,GBR,1844,93955130,3066652200
United Kingdom,GBR,1845,99778424,3166430500
United Kingdom,GBR,1846,95493680,3261924400
United Kingdom,GBR,1847,101822930,3363747000
United Kingdom,GBR,1848,108978020,3472725200
United Kingdom,GBR,1849,117350130,3590075400
United Kingdom,GBR,1850,122350150,3712425500
United Kingdom,GBR,1851,116411176,3828836600
United Kingdom,GBR,1852,115997620,3944834300
United Kingdom,GBR,1853,115358070,4060192300
United Kingdom,GBR,1854,139012290,4199204600
United Kingdom,GBR,1855,130169360,4329374000
United Kingdom,GBR,1856,140081200,4469455400
United Kingdom,GBR,1857,137573280,4607028000
United Kingdom,GBR,1858,134833460,4741862000
United Kingdom,GBR,1859,149702940,4891565000
United Kingdom,GBR,1860,167950430,5059515400
United Kingdom,GBR,1861,175047600,5234563000
United Kingdom,GBR,1862,169470990,5404034000
United Kingdom,GBR,1863,180224830,5584258600
United Kingdom,GBR,1864,193909870,5778169000
United Kingdom,GBR,1865,205488110,5983656400
United Kingdom,GBR,1866,211731570,6195388400
United Kingdom,GBR,1867,217374130,6412762600
United Kingdom,GBR,1868,213219150,6625981400
United Kingdom,GBR,1869,223705520,6849687000
United Kingdom,GBR,1870,228494370,7078181400
United Kingdom,GBR,1871,242036510,7320218000
United Kingdom,GBR,1872,254988750,7575207000
United Kingdom,GBR,1873,264658050,7839865000
United Kingdom,GBR,1874,257187170,8097051600
United Kingdom,GBR,1875,271487740,8368539600
United Kingdom,GBR,1876,271018750,8639559000
United Kingdom,GBR,1877,275899200,8915458000
United Kingdom,GBR,1878,270974800,9186432000
United Kingdom,GBR,1879,272645570,9459078000
United Kingdom,GBR,1880,297124770,9756203000
United Kingdom,GBR,1881,312312030,10068515000
United Kingdom,GBR,1882,314964770,10383480000
United Kingdom,GBR,1883,327730140,10711210000
United Kingdom,GBR,1884,319097760,11030308000
United Kingdom,GBR,1885,315290850,11345598000
United Kingdom,GBR,1886,312429280,11658028000
United Kingdom,GBR,1887,320442430,11978470000
United Kingdom,GBR,1888,333167520,12311638000
United Kingdom,GBR,1889,345024220,12656662000
United Kingdom,GBR,1890,353022720,13009684000
United Kingdom,GBR,1891,360471650,13370156000
United Kingdom,GBR,1892,353008100,13723165000
United Kingdom,GBR,1893,316210530,14039375000
United Kingdom,GBR,1894,362102140,14401477000
United Kingdom,GBR,1895,365549950,14767027000
United Kingdom,GBR,1896,375981340,15143008000
United Kingdom,GBR,1897,385969400,15528977000
United Kingdom,GBR,1898,386878080,15915856000
United Kingdom,GBR,1899,414552300,16330408000
United Kingdom,GBR,1900,419740500,16750149000
United Kingdom,GBR,1901,410701400,17160849000
United Kingdom,GBR,1902,426639840,17587489000
United Kingdom,GBR,1903,429985060,18017475000
United Kingdom,GBR,1904,431992930,18449467000
United Kingdom,GBR,1905,437672130,18887140000
United Kingdom,GBR,1906,453350370,19340490000
United Kingdom,GBR,1907,473568320,19814058000
United Kingdom,GBR,1908,461964450,20276023000
United Kingdom,GBR,1909,466086460,20742110000
United Kingdom,GBR,1910,469732130,21211840000
United Kingdom,GBR,1911,481350700,21693192000
United Kingdom,GBR,1912,455885860,22149080000
United Kingdom,GBR,1913,498322340,22647400000
United Kingdom,GBR,1914,483182700,23130583000
United Kingdom,GBR,1915,489481100,23620063000
United Kingdom,GBR,1916,507071970,24127136000
United Kingdom,GBR,1917,501169250,24628306000
United Kingdom,GBR,1918,466848580,25095154000
United Kingdom,GBR,1919,456131360,25551286000
United Kingdom,GBR,1920,480472480,26031757000
United Kingdom,GBR,1921,332187780,26363945000
United Kingdom,GBR,1922,439608350,26803554000
United Kingdom,GBR,1923,466067230,27269622000
United Kingdom,GBR,1924,488240160,27757860000
United Kingdom,GBR,1925,460999000,28218860000
United Kingdom,GBR,1926,261066020,28479926000
United Kingdom,GBR,1927,481344130,28961270000
United Kingdom,GBR,1928,454453470,29415723000
United Kingdom,GBR,1929,478205950,29893929000
United Kingdom,GBR,1930,460804770,30354735000
United Kingdom,GBR,1931,430978720,30785714000
United Kingdom,GBR,1932,414564930,31200279000
United Kingdom,GBR,1933,412268770,31612547000
United Kingdom,GBR,1934,445277200,32057825000
United Kingdom,GBR,1935,451205500,32509030000
United Kingdom,GBR,1936,476535360,32985565000
United Kingdom,GBR,1937,491703230,33477267000
United Kingdom,GBR,1938,472755740,33950024000
United Kingdom,GBR,1939,474288770,34424310000
United Kingdom,GBR,1940,500083070,34924397000
United Kingdom,GBR,1941,499796060,35424190000
United Kingdom,GBR,1942,492995900,35917190000
United Kingdom,GBR,1943,490218620,36407407000
United Kingdom,GBR,1944,489670370,36897075000
United Kingdom,GBR,1945,453074080,37350150000
United Kingdom,GBR,1946,464411970,37814563000
United Kingdom,GBR,1947,485231840,38299795000
United Kingdom,GBR,1948,503510100,38803304000
United Kingdom,GBR,1949,507551520,39310856000
United Kingdom,GBR,1950,499227600,39810085000
United Kingdom,GBR,1951,543790900,40353874000
United Kingdom,GBR,1952,527412700,40881287000
United Kingdom,GBR,1953,539100540,41420386000
United Kingdom,GBR,1954,552031400,41972420000
United Kingdom,GBR,1955,576119940,42548540000
United Kingdom,GBR,1956,573744700,43122282000
United Kingdom,GBR,1957,570248800,43692530000
United Kingdom,GBR,1958,555993400,44248527000
United Kingdom,GBR,1959,546364300,44794892000
United Kingdom,GBR,1960,583902800,45378793000
United Kingdom,GBR,1961,588578200,45967372000
United Kingdom,GBR,1962,592920450,46560293000
United Kingdom,GBR,1963,603382000,47163675000
United Kingdom,GBR,1964,607866000,47771540000
United Kingdom,GBR,1965,622115260,48393654000
United Kingdom,GBR,1966,618078340,49011732000
United Kingdom,GBR,1967,592064300,49603797000
United Kingdom,GBR,1968,606495600,50210290000
United Kingdom,GBR,1969,628389900,50838684000
United Kingdom,GBR,1970,652584700,51491267000
United Kingdom,GBR,1971,660395600,52151665000
United Kingdom,GBR,1972,648033600,52799697000
United Kingdom,GBR,1973,659584400,53459280000
United Kingdom,GBR,1974,617187260,54076470000
United Kingdom,GBR,1975,603254400,54679724000
United Kingdom,GBR,1976,598533300,55278256000
United Kingdom,GBR,1977,604369000,55882625000
United Kingdom,GBR,1978,604728060,56487354000
United Kingdom,GBR,1979,644509200,57131864000
United Kingdom,GBR,1980,579039040,57710903000
United Kingdom,GBR,1981,560547140,58271450000
United Kingdom,GBR,1982,548229400,58819680000
United Kingdom,GBR,1983,545474100,59365155000
United Kingdom,GBR,1984,529097200,59894250000
United Kingdom,GBR,1985,559634600,60453884000
United Kingdom,GBR,1986,568568640,61022454000
United Kingdom,GBR,1987,571649300,61594104000
United Kingdom,GBR,1988,570279040,62164380000
United Kingdom,GBR,1989,581561500,62745944000
United Kingdom,GBR,1990,601945100,63347890000
United Kingdom,GBR,1991,609412700,63957300000
United Kingdom,GBR,1992,593845950,64551145000
United Kingdom,GBR,1993,579612540,65130760000
United Kingdom,GBR,1994,574016900,65704776000
United Kingdom,GBR,1995,566158900,66270937000
United Kingdom,GBR,1996,586760700,66857697000
United Kingdom,GBR,1997,562708160,67420406000
United Kingdom,GBR,1998,568543700,67988947000
United Kingdom,GBR,1999,561649600,68550600000
United Kingdom,GBR,2000,569033660,69119630000
United Kingdom,GBR,2001,577970560,69697600000
United Kingdom,GBR,2002,560273200,70257880000
United Kingdom,GBR,2003,571618750,70829490000
United Kingdom,GBR,2004,573429760,71402920000
United Kingdom,GBR,2005,570338370,71973265000
United Kingdom,GBR,2006,567845600,72541110000
United Kingdom,GBR,2007,559566460,73100670000
United Kingdom,GBR,2008,544932400,73645605000
United Kingdom,GBR,2009,494107700,74139710000
United Kingdom,GBR,2010,511904580,74651615000
United Kingdom,GBR,2011,469713300,75121330000
United Kingdom,GBR,2012,487476770,75608810000
United Kingdom,GBR,2013,477611260,76086420000
United Kingdom,GBR,2014,438807070,76525220000
United Kingdom,GBR,2015,422460800,76947685000
United Kingdom,GBR,2016,399430140,77347120000
United Kingdom,GBR,2017,387367140,77734490000
United Kingdom,GBR,2018,379729760,78114220000
United Kingdom,GBR,2019,364753280,78478970000
United Kingdom,GBR,2020,326263200,78805230000
United Kingdom,GBR,2021,342365570,79147600000
United Kingdom,GBR,2022,311118000,79458710000
United Kingdom,GBR,2023,307826140,79766544000
United Kingdom,GBR,2024,312905540,80079450000
United States,USA,1800,252815.98,252815.98
United States,USA,1801,267472,520288
United States,USA,1802,289456,809744
United States,USA,1803,296784,1106528
United States,USA,1804,333424,1439952
United States,USA,1805,340752,1780704
United States,USA,1806,333424,2114128
United States,USA,1807,377392,2491520
United States,USA,1808,392048,2883568
United States,USA,1809,403040,3286608
United States,USA,1810,417696,3704304
United States,USA,1811,447008,4151312
United States,USA,1812,483648,4634960
United States,USA,1813,520288,5155248
United States,USA,1814,560592,5715840
United States,USA,1815,600896,6316736
United States,USA,1816,663184,6979920
United States,USA,1817,718144,7698064
United States,USA,1818,780432,8478496
United States,USA,1819,762112,9240608
United States,USA,1820,791424,10032032
United States,USA,1821,828064,10860096
United States,USA,1822,864704,11724800
United States,USA,1823,901344,12626144
United States,USA,1824,1014928,13641072
United States,USA,1825,1135840,14776912
United States,USA,1826,1315376,16092288
United States,USA,1827,1447280,17539568
United States,USA,1828,1593840,19133408
United States,USA,1829,1795360,20928768
United States,USA,1830,2088480,23017248
United States,USA,1831,2264352,25281600
United States,USA,1832,3022800,28304400
United States,USA,1833,3528432,31832832
United States,USA,1834,3381872,35214704
United States,USA,1835,4316192,39530896
United States,USA,1836,4730224,44261120
United States,USA,1837,5305472,49566590
United States,USA,1838,5030672,54597264
United States,USA,1839,5517984,60115250
United States,USA,1840,5873392,65988640
United States,USA,1841,6214144,72202780
United States,USA,1842,6917632,79120420
United States,USA,1843,7764016,86884430
United States,USA,1844,9306560,96190990
United States,USA,1845,11204512,107395500
United States,USA,1846,12710416,120105920
United States,USA,1847,15070032,135175950
United States,USA,1848,16784784,151960740
United States,USA,1849,18221072,170181810
United States,USA,1850,19792928,189974740
United States,USA,1851,24633072,214607800
United States,USA,1852,26791168,241398980
United States,USA,1853,30162048,271561020
United States,USA,1854,33159198,304720220
United States,USA,1855,38160560,342880770
United States,USA,1856,40036530,382917300
United States,USA,1857,41055120,423972400
United States,USA,1858,41648690,465621120
United States,USA,1859,45320016,510941120
United States,USA,1860,47437810,558378940
United States,USA,1861,45679090,604058050
United States,USA,1862,47448800,651506800
United States,USA,1863,54809776,706316600
United States,USA,1864,58656976,764973600
United States,USA,1865,58821856,823795460
United States,USA,1866,59232224,883027650
United States,USA,1867,72865970,955893600
United States,USA,1868,82352060,1038245700
United States,USA,1869,93695810,1131941500
United States,USA,1870,98620220,1230561800
United States,USA,1871,103020690,1333582500
United States,USA,1872,126305410,1459887900
United States,USA,1873,139506800,1599394600
United States,USA,1874,134296590,1733691300
United States,USA,1875,135747540,1869438700
United States,USA,1876,132820010,2002258800
United States,USA,1877,147175550,2149434400
United States,USA,1878,143903600,2293337900
United States,USA,1879,175468960,2468807000
United States,USA,1880,198856380,2667663400
United States,USA,1881,210400510,2878063900
United States,USA,1882,235663860,3113727500
United States,USA,1883,254230540,3367958300
United States,USA,1884,267921760,3635880000
United States,USA,1885,272506900,3908386800
United States,USA,1886,287836900,4196223700
United States,USA,1887,307936640,4504160000
United States,USA,1888,374415200,4878575600
United States,USA,1889,336123680,5214699000
United States,USA,1890,402411650,5617111000
United States,USA,1891,428107500,6045218300
United States,USA,1892,451176600,6496395000
United States,USA,1893,454759420,6951154000
United States,USA,1894,425744800,7376899000
United States,USA,1895,480673180,7857572400
United States,USA,1896,481672540,8339245000
United States,USA,1897,501199780,8840445000
United States,USA,1898,546327300,9386772000
United States,USA,1899,626822900,10013595000
United States,USA,1900,664131600,10677726000
United States,USA,1901,723192060,11400919000
United States,USA,1902,766651600,12167570000
United States,USA,1903,896952800,13064523000
United States,USA,1904,884803400,13949326000
United States,USA,1905,989991200,14939317000
United States,USA,1906,1039963970,15979281000
United States,USA,1907,1208486300,17187768000
United States,USA,1908,1057521600,18245290000
United States,USA,1909,1171650800,19416940000
United States,USA,1910,1278529500,20695470000
United States,USA,1911,1265776100,21961247000
United States,USA,1912,1351017700,23312263000
United States,USA,1913,1450855400,24763120000
United States,USA,1914,1325944300,26089062000
United States,USA,1915,1375451600,27464516000
United States,USA,1916,1527240000,28991754000
United States,USA,1917,1679331300,30671086000
United States,USA,1918,1754117200,32425204000
United States,USA,1919,1486433300,33911636000
United States,USA,1920,1747166700,35658805000
United States,USA,1921,1432479000,37091283000
United States,USA,1922,1446013000,38537294000
United States,USA,1923,1909034400,40446330000
United States,USA,1924,1711686500,42158014000
United States,USA,1925,1758185500,43916200000
United States,USA,1926,1906048500,45822250000
United States,USA,1927,1862839200,47685090000
United States,USA,1928,1830965000,49516057000
United States,USA,1929,1963506200,51479560000
United States,USA,1930,1744916200,53224477000
United States,USA,1931,1484959100,54709436000
United States,USA,1932,1257814100,55967250000
United States,USA,1933,1348876800,57316127000
United States,USA,1934,1436238600,58752365000
United States,USA,1935,1492320900,60244685000
United States,USA,1936,1713411700,61958100000
United States,USA,1937,1792609900,63750710000
United States,USA,1938,1515749900,65266460000
United States,USA,1939,1670920400,66937377000
United States,USA,1940,1874985100,68812366000
United States,USA,1941,2043585000,70855950000
United States,USA,1942,2198264800,73054220000
United States,USA,1943,2272059100,75326276000
United States,USA,1944,2444903700,77771180000
United States,USA,1945,2359551500,80130730000
United States,USA,1946,2257493800,82388220000
United States,USA,1947,2485854500,84874080000
United States,USA,1948,2582558700,87456640000
United States,USA,1949,2164862200,89621496000
United States,USA,1950,2541485300,92162980000
United States,USA,1951,2618704400,94781686000
United States,USA,1952,2551215900,97332900000
United States,USA,1953,2612971300,99945870000
United States,USA,1954,2489462300,102435340000
United States,USA,1955,2728508400,105163840000
United States,USA,1956,2859987500,108023830000
United States,USA,1957,2835772200,110859610000
United States,USA,1958,2747107600,113606710000
United States,USA,1959,2831908400,116438620000
United States,USA,1960,2897308000,119335930000
United States,USA,1961,2886861800,122222790000
United States,USA,1962,2993898500,125216690000
United States,USA,1963,3126484000,128343170000
United States,USA,1964,3264306400,131607480000
United States,USA,1965,3399539200,135007020000
United States,USA,1966,3571417600,138578430000
United States,USA,1967,3705461000,142283900000
United States,USA,1968,3840923400,146124820000
United States,USA,1969,4035156200,150159980000
United States,USA,1970,4339704300,154499680000
United States,USA,1971,4365483500,158865160000
United States,USA,1972,4573033500,163438200000
United States,USA,1973,4777725000,168215920000
United States,USA,1974,4608462300,172824380000
United States,USA,1975,4414455300,177238840000
United States,USA,1976,4621539000,181860380000
United States,USA,1977,4749501000,186609880000
United States,USA,1978,4897339000,191507220000
United States,USA,1979,4908766000,196415980000
United States,USA,1980,4730218500,201146200000
United States,USA,1981,4543633400,205689830000
United States,USA,1982,4311918600,210001760000
United States,USA,1983,4346381000,214348140000
United States,USA,1984,4479379500,218827520000
United States,USA,1985,4495378400,223322900000
United States,USA,1986,4498135600,227821030000
United States,USA,1987,4691930000,232512960000
United States,USA,1988,4897776000,237410730000
United States,USA,1989,4960237600,242370970000
United States,USA,1990,5131760600,247502730000
United States,USA,1991,5076412400,252579150000
United States,USA,1992,5178769400,257757920000
United States,USA,1993,5279520300,263037440000
United States,USA,1994,5361863000,268399300000
United States,USA,1995,5425837600,273825140000
United States,USA,1996,5601094000,279426240000
United States,USA,1997,5673144000,285099360000
United States,USA,1998,5736360000,290835730000
United States,USA,1999,5800281000,296636020000
United States,USA,2000,6023158000,302659170000
United States,USA,2001,5903562000,308562720000
United States,USA,2002,5947819500,314510540000
United States,USA,2003,6006440000,320516980000
United States,USA,2004,6111545000,326628540000
United States,USA,2005,6126903300,332755440000
United States,USA,2006,6045326300,338800770000
United States,USA,2007,6121542700,344922320000
United States,USA,2008,5919221000,350841540000
United States,USA,2009,5486104000,356327650000
United States,USA,2010,5669250000,361996880000
United States,USA,2011,5538973000,367535850000
United States,USA,2012,5331467300,372867330000
United States,USA,2013,5473436000,378340770000
United States,USA,2014,5531385300,383872140000
United States,USA,2015,5368496600,389240650000
United States,USA,2016,5245361700,394486020000
United States,USA,2017,5195417600,399681420000
United States,USA,2018,5361236500,405042660000
United States,USA,2019,5235912000,410278560000
United States,USA,2020,4689954000,414968500000
United States,USA,2021,5020111000,419988640000
United States,USA,2022,5055403000,425044050000
United States,USA,2023,4918406700,429962460000
United States,USA,2024,4904120000,434866550000
